Configuration,Run,TotalDeliveries,AvgDeliveryTime,DeliveryTimeSD,AvgEarnings,EarningsSD,AvgDeliveriesPerCourier,DeliveriesPerCourierSD,CourierUtilization,WaitingPercentage,SearchingPercentage,EarningsPerHour
"autonomy-level=0",run_1,867,41.01845444059977,28.220995753226667,9311.463616945895,2699.329401056376,289,109.89085494252923,0.0019607134913545645,78.16666666666666,0,1163.932952118237
"autonomy-level=1",run_1,2558,118.16614542611416,180.632816690282,25961.07635661763,1857.65056573839,852.6666666666666,33.85754470326124,0.028654403939313636,35.380015432098766,0,3245.1345445772035
"autonomy-level=2",run_1,2656,235.97477409638554,283.49284397274187,27916.826938111877,743.4519030718803,885.3333333333334,26.025628394590846,0.20060814440000158,2.271219135802469,26.63966049382716,3489.6033672639846
"autonomy-level=3",run_1,2650,130.62641509433962,173.81877693275575,27272.414514234948,1126.0478416000276,883.3333333333334,26.652079343520896,0.27065859801805475,15.322145061728396,19.807098765432098,3409.0518142793685

